transaction_cost_bps,slippage_bps,annual_borrow_cost,total_return,annualized_return,sharpe_ratio,maximum_drawdown,final_equity,total_cost,number_of_trades,is_baseline
0.0,0.0,0.0,0.03224802170222052,0.016870774569235136,0.2971534329658532,-0.0908702274014993,103224.80217022204,0.0,0,False
0.0,0.0,0.02,0.020854568065244328,0.011498730760799658,0.20305992403273232,-0.09808843333670758,102085.45680652444,1162.8465684997318,0,False
0.0,0.0,0.05,0.003998773216823848,0.003493621283239934,0.061930766373725674,-0.10880907626118919,100399.87732168238,2883.288475413211,0,False
0.0,0.0,0.1,-0.023480535788478196,-0.009708241849975763,-0.1731547266579713,-0.12639607698854338,97651.94642115218,5688.2996076191575,0,False
0.0,2.0,0.0,0.02627827346429079,0.014059954780132111,0.24797946263596887,-0.09450498015726905,102627.82734642908,608.3709378214832,0,False
0.0,2.0,0.02,0.014950582567088366,0.008702701609528685,0.15389114897075865,-0.10169440798947016,101495.05825670883,1764.5244683419492,0,False
0.0,2.0,0.05,-0.0018079184016610572,0.0007196328643634953,0.012773961899084744,-0.11237230783236607,99819.2081598339,3475.0637675819626,0,False
0.0,2.0,0.1,-0.029128606321032757,-0.012445879618175781,-0.22228046895901604,-0.12988918626231216,97087.13936789673,6263.92914967797,0,False
0.0,5.0,0.0,0.01738610868747026,0.009858228864743301,0.17417053119733286,-0.0999312346462291,101738.61086874703,1514.5648597865252,0,False
0.0,5.0,0.02,0.0061563752102955505,0.004523085634089652,0.08011929557888506,-0.10707769961183844,100615.63752102955,2660.748581273261,0,False
0.0,5.0,0.05,-0.010457200901916042,-0.0034270352940282134,-0.060936029596506305,-0.11769178826230231,98954.27990980839,4356.5371648086275,0,False
0.0,5.0,0.1,-0.03754161361861175,-0.016538208637908225,-0.2958708416916334,-0.13510398106129318,96245.83863813883,7121.352180486083,0,False
0.0,10.0,0.0,0.0027308958638543324,0.0028938525025503647,0.051231014993075794,-0.10890640640204419,100273.08958638542,3008.0731775076983,0,False
0.0,10.0,0.02,-0.008337390050027205,-0.0024046426174952895,-0.04268070975172874,-0.11598180810360703,99166.26099499728,4137.8248837133215,0,False
0.0,10.0,0.05,-0.02471210975068383,-0.010300151227939147,-0.1835164696025857,-0.12649034907966195,97528.78902493161,5809.301671734519,0,False
0.0,10.0,0.1,-0.05140710811176108,-0.023321255308109246,-0.41805835080305753,-0.14372938540369318,94859.2891888239,8534.477425279238,0,False
5.0,0.0,0.0,0.01738610868747026,0.009858228864743301,0.17417053119733286,-0.0999312346462291,101738.61086874703,1514.5648597865252,0,False
5.0,0.0,0.02,0.0061563752102955505,0.004523085634089652,0.08011929557888506,-0.10707769961183844,100615.63752102955,2660.748581273261,0,False
5.0,0.0,0.05,-0.010457200901916042,-0.0034270352940282134,-0.060936029596506305,-0.11769178826230231,98954.27990980839,4356.5371648086275,0,False
5.0,0.0,0.1,-0.03754161361861175,-0.016538208637908225,-0.2958708416916334,-0.13510398106129318,96245.83863813883,7121.352180486083,0,False
5.0,2.0,0.0,0.011499375659519195,0.007066716505047754,0.12496820276878706,-0.10353156030023036,101149.93756595193,2114.4790908671694,0,False
5.0,2.0,0.02,0.0003344922060786182,0.001746262718081315,0.030961155488736965,-0.11064951897651665,100033.44922060787,3254.0624803139376,0,True
5.0,2.0,0.05,-0.016183140397268425,-0.006181968279130756,-0.1100237474199627,-0.12122126827171331,98381.68596027316,4940.085619569966,0,False
5.0,2.0,0.1,-0.04311113367253139,-0.019257039691914724,-0.34483030310429236,-0.13856400113723966,95688.88663274686,7688.978527352976,0,False
5.0,5.0,0.0,0.0027308958638547765,0.0028938525025503647,0.05123101499308327,-0.10890640640204374,100273.08958638548,3008.0731775076993,0,False
5.0,5.0,0.02,-0.008337390050027205,-0.0024046426174952895,-0.04268070975173343,-0.11598180810360692,99166.26099499728,4137.8248837133215,0,False
5.0,5.0,0.05,-0.02471210975068383,-0.010300151227939147,-0.18351646960258577,-0.12649034907966206,97528.78902493161,5809.301671734518,0,False
5.0,5.0,0.1,-0.051407108111760635,-0.023321255308109246,-0.41805835080304915,-0.14372938540369273,94859.28918882394,8534.477425279241,0,False
5.0,10.0,0.0,-0.011720390269802539,-0.004022684084459716,-0.07128658753833406,-0.11779651338163455,98827.96097301974,4480.807075979174,0,False
5.0,10.0,0.02,-0.022629470782717154,-0.009284781840681156,-0.1649628564147184,-0.12480152345669726,97737.05292172829,5594.354509673296,0,False
5.0,10.0,0.05,-0.038768651367623974,-0.017126051801211073,-0.30543535062018873,-0.1352055143448555,96123.1348632376,7241.856459674732,0,False
5.0,10.0,0.1,-0.06507964388788956,-0.030057702914404127,-0.5393456809909613,-0.1522730308595548,93492.03561121105,9927.942353365059,0,False
10.0,0.0,0.0,0.0027308958638543324,0.0028938525025503647,0.051231014993075794,-0.10890640640204419,100273.08958638542,3008.0731775076983,0,False
10.0,0.0,0.02,-0.008337390050027205,-0.0024046426174952895,-0.04268070975172874,-0.11598180810360703,99166.26099499728,4137.8248837133215,0,False
10.0,0.0,0.05,-0.02471210975068383,-0.010300151227939147,-0.1835164696025857,-0.12649034907966195,97528.78902493161,5809.301671734519,0,False
10.0,0.0,0.1,-0.05140710811176108,-0.023321255308109246,-0.41805835080305753,-0.14372938540369318,94859.2891888239,8534.477425279238,0,False
10.0,2.0,0.0,-0.0030739356858607847,0.00012151547486149994,0.0021523626142940047,-0.1124726140273904,99692.60643141392,3599.643991287797,0,False
10.0,2.0,0.02,-0.014078272070944697,-0.005162390706017206,-0.09167659121099878,-0.11951977881992726,98592.17279290553,4722.886830994093,0,False
10.0,2.0,0.05,-0.030358380551818942,-0.013036159159339422,-0.2323841307869377,-0.12998638055260525,96964.1619448181,6384.733502859769,0,False
10.0,2.0,0.1,-0.05689913163425697,-0.02602140833295752,-0.466701749590876,-0.14715661337692776,94310.08683657431,9094.207798264662,0,False
10.0,5.0,0.0,-0.011720390269802539,-0.004022684084459716,-0.07128658753833406,-0.11779651338163455,98827.96097301974,4480.807075979174,0,False
10.0,5.0,0.02,-0.022629470782717154,-0.009284781840681156,-0.1649628564147184,-0.12480152345669726,97737.05292172829,5594.354509673296,0,False
10.0,5.0,0.05,-0.038768651367623974,-0.017126051801211073,-0.30543535062018873,-0.1352055143448555,96123.1348632376,7241.856459674732,0,False
10.0,5.0,0.1,-0.06507964388788956,-0.030057702914404127,-0.5393456809909613,-0.1522730308595548,93492.03561121105,9927.942353365059,0,False
10.0,10.0,0.0,-0.0259704873603952,-0.010891708217596552,-0.19301197112079363,-0.12660231975869718,97402.95126396048,5933.045033095183,0,False
10.0,10.0,0.02,-0.03672257459314876,-0.016117657647870542,-0.28635899771824774,-0.13353760382813984,96327.74254068513,7030.612887933843,0,False
10.0,10.0,0.05,-0.052629488910254985,-0.023905060079780993,-0.4263278523998209,-0.1438380332780761,94737.0511089745,8654.472446001144,0,False
10.0,10.0,0.1,-0.07856181163365761,-0.03674787032240623,-0.6593737804736267,-0.1607356519864207,92143.81883663424,11302.010526138853,0,False
20.0,0.0,0.0,-0.0259704873603952,-0.010891708217596552,-0.1930119711208011,-0.12660231975869685,97402.95126396048,5933.045033095181,0,False
20.0,0.0,0.02,-0.03672257459314887,-0.016117657647870542,-0.28635899771824974,-0.13353760382813962,96327.74254068511,7030.612887933841,0,False
20.0,0.0,0.05,-0.05262948891025532,-0.023905060079780993,-0.4263278523998225,-0.1438380332780761,94737.05110897447,8654.472446001142,0,False
20.0,0.0,0.1,-0.0785618116336575,-0.03674787032240623,-0.65937378047363,-0.1607356519864207,92143.81883663425,11302.010526138856,0,False
20.0,2.0,0.0,-0.03161479974562087,-0.013626087278647447,-0.24139984022594768,-0.13010120807945613,96838.52002543792,6508.263045020585,0,False
20.0,2.0,0.02,-0.04230470240477924,-0.018837646728614543,-0.33458954935908347,-0.13700878678246908,95769.52975952208,7599.501307043538,0,False
20.0,2.0,0.05,-0.0581196167652841,-0.026603605495880145,-0.47431862151838394,-0.14726806649159319,94188.03832347158,9213.995993788933,0,False
20.0,2.0,0.1,-0.08390194960717168,-0.03941104984187793,-0.7069552661546271,-0.16409817697745244,91609.80503928283,11846.265091836374,0,False
20.0,5.0,0.0,-0.04002209764642484,-0.017713544987413732,-0.3135884964302596,-0.13532458322017382,95997.79023535752,7365.061927152757,0,False
20.0,5.0,0.02,-0.05061937406609274,-0.022903593432530456,-0.4065154646596644,-0.14219080093913572,94938.06259339073,8446.8718870325,0,False
20.0,5.0,0.05,-0.0662972510892712,-0.03063749692774298,-0.5458448427842683,-0.15238864873934266,93370.27489107288,10047.417046071378,0,False
20.0,5.0,0.1,-0.09185616852445733,-0.04339207422456126,-0.777801279632742,-0.16911797710577958,90814.38314755427,12656.94209792911,0,False
20.0,10.0,0.0,-0.05387788839857399,-0.024488517269070753,-0.4326781351420952,-0.14396405501810483,94612.2111601426,8777.129081634554,0,False
20.0,10.0,0.02,-0.06432250720148502,-0.02964291038403344,-0.5250979380682677,-0.15076186012650739,93567.7492798515,9843.399859557696,0,False
20.0,10.0,0.05,-0.07977453259717004,-0.037323681022484734,-0.6636576387354729,-0.1608580972793333,92022.546740283,11420.954216799664,0,False
20.0,10.0,0.1,-0.10496523864143137,-0.04999062915481789,-0.8943090626938746,-0.17742072835292055,89503.47613585686,13992.993858389062,0,False
30.0,0.0,0.0,-0.05387788839857366,-0.024488517269070753,-0.4326781351420891,-0.1439640550181044,94612.21116014263,8777.129081634554,0,False
30.0,0.0,0.02,-0.06432250720148436,-0.02964291038403344,-0.5250979380682649,-0.15076186012650716,93567.74927985156,9843.399859557698,0,False
30.0,0.0,0.05,-0.0797745325971696,-0.037323681022484734,-0.6636576387354715,-0.16085809727933287,92022.54674028304,11420.954216799666,0,False
30.0,0.0,0.1,-0.10496523864143137,-0.04999062915481789,-0.8943090626938742,-0.17742072835292055,89503.47613585686,13992.993858389062,0,False
30.0,2.0,0.0,-0.059365966113732904,-0.02718545602974287,-0.47982621999301855,-0.14739682913536534,94063.40338862671,9336.430123392154,0,False
30.0,2.0,0.02,-0.06975011828038502,-0.032325655420660016,-0.5720197238233264,-0.1541674509312665,93024.9881719615,10396.545810011961,0,False
30.0,2.0,0.05,-0.08511268541751793,-0.039985274859303255,-0.7102365469836464,-0.1642233137518907,91488.7314582482,11964.9934799582,0,False
30.0,2.0,0.1,-0.11015754555370261,-0.052617339461848434,-0.9403080691029326,-0.18071970875630594,88984.24544462973,14522.185102675025,0,False
30.0,5.0,0.0,-0.06754049235502213,-0.03121694573715139,-0.5499657672780269,-0.15252148002109067,93245.95076449779,10169.514309456355,0,False
30.0,5.0,0.02,-0.07783457784496994,-0.036335927502838206,-0.6417956578528293,-0.15925152039376145,92216.54221550301,11220.461685913455,0,False
30.0,5.0,0.05,-0.09306389453177677,-0.04396392886931444,-0.7794620820778647,-0.16924710918986596,90693.61054682232,12775.344499706964,0,False
30.0,5.0,0.1,-0.11789151338350701,-0.05654384750320107,-1.0086041179791234,-0.18564462172641205,88210.8486616493,15310.419274381617,0,False
30.0,10.0,0.0,-0.08101250815153627,-0.03789914888079282,-0.6651627199529555,-0.1609975967653643,91898.74918484637,11542.48195668561,0,False
30.0,10.0,0.02,-0.09115815611330425,-0.04298296161513071,-0.7563248624113662,-0.1676605144617529,90884.18438866957,12578.318817560645,0,False
30.0,10.0,0.05,-0.10616786481466678,-0.050558554816421686,-0.8929818289897808,-0.17755640855395505,89383.21351853332,14110.845063456334,0,False
30.0,10.0,0.1,-0.13063745187448828,-0.06305203953055294,-1.1204225757894033,-0.19379036713720943,86936.25481255117,16609.468531363465,0,False
