data_segment,lookback_window,entry_threshold,exit_threshold,stop_threshold,total_return,annualized_return,sharpe_ratio,maximum_drawdown,number_of_trades,total_cost
test,20,1.5,0.0,3.0,0.3465080992166214,0.15864757891722303,1.4203629234240416,-0.0610882392648614,31,6431.874776734989
test,20,1.5,0.0,3.5,0.3465080992166214,0.15864757891722303,1.4203629234240416,-0.0610882392648614,31,6431.874776734989
test,20,1.5,0.0,4.0,0.3465080992166214,0.15864757891722303,1.4203629234240416,-0.0610882392648614,31,6431.874776734989
test,20,1.5,0.5,3.0,0.27201780211340876,0.12651473992879514,1.2705918970045222,-0.056776872540441614,36,6909.9553639588075
test,20,1.5,0.5,3.5,0.25707035408303947,0.12022751486498251,1.2047914995118256,-0.056776872540441614,35,6733.202213141087
test,20,1.5,0.5,4.0,0.25707035408303947,0.12022751486498251,1.2047914995118256,-0.056776872540441614,35,6733.202213141087
test,20,1.5,1.0,3.0,0.2424380652644147,0.11349029518344933,1.2025733651123929,-0.0397357634487856,44,7787.643502316725
test,20,1.5,1.0,3.5,0.2278382079505965,0.10727547524652215,1.1336781778348461,-0.0397357634487856,43,7614.10772206972
test,20,1.5,1.0,4.0,0.2278382079505965,0.10727547524652215,1.1336781778348461,-0.0397357634487856,43,7614.10772206972
test,20,2.0,0.0,3.0,0.1668798372578575,0.08061565358745515,0.8734437154644593,-0.07865559111488651,23,4555.073289617111
test,20,2.0,0.0,3.5,0.16527614330742968,0.07990565298544716,0.8661308504750357,-0.07992183499674299,22,4411.0992805668375
test,20,2.0,0.0,4.0,0.16527614330742968,0.07990565298544716,0.8661308504750357,-0.07992183499674299,22,4411.0992805668375
test,20,2.0,0.5,3.0,0.10806743341137115,0.053282519031536024,0.6716511947201668,-0.06794725152206416,25,4614.9681098495375
test,20,2.0,0.5,3.5,0.09354159154820163,0.04671418501729763,0.5865809417498486,-0.0692282123429544,23,4316.048339838628
test,20,2.0,0.5,4.0,0.09354159154820163,0.04671418501729763,0.5865809417498486,-0.0692282123429544,23,4316.048339838628
test,20,2.0,1.0,3.0,0.14463023308080825,0.06930408344231243,0.9311972900263878,-0.031533631416519214,29,5046.877246430725
test,20,2.0,1.0,3.5,0.12962508334335343,0.06263623619463043,0.8374084120345826,-0.03724099417958815,27,4735.117392787826
test,20,2.0,1.0,4.0,0.12962508334335343,0.06263623619463043,0.8374084120345826,-0.03724099417958815,27,4735.117392787826
test,20,2.5,0.0,3.0,0.12079332171695478,0.05850893810409219,0.8073299006790665,-0.04223102529539102,16,3035.0068608570937
test,20,2.5,0.0,3.5,0.10610065404921687,0.05190814107174968,0.7124568298776528,-0.043547329049727024,14,2736.4530474365774
test,20,2.5,0.0,4.0,0.10610065404921687,0.05190814107174968,0.7124568298776528,-0.043547329049727024,14,2736.4530474365774
test,20,2.5,0.5,3.0,0.09901070782041277,0.04831350838588988,0.7165073118791496,-0.03946624117549369,16,2855.836050023243
test,20,2.5,0.5,3.5,0.08460359209228385,0.0417760391316242,0.615561681703902,-0.03946624117549369,14,2559.9515895874683
test,20,2.5,0.5,4.0,0.08460359209228385,0.0417760391316242,0.615561681703902,-0.03946624117549369,14,2559.9515895874683
test,20,2.5,1.0,3.0,0.0676527490774339,0.03383329913387234,0.5165178627097818,-0.038380016501852854,16,2707.0417974011434
test,20,2.5,1.0,3.5,0.05365671009077144,0.027385776282821572,0.4152454508272168,-0.038380016501852854,14,2417.3762810979674
test,20,2.5,1.0,4.0,0.05365671009077144,0.027385776282821572,0.4152454508272168,-0.038380016501852854,14,2417.3762810979674
test,40,1.5,0.0,3.0,0.15721307164375942,0.07661840389123076,0.8055716591779761,-0.0685922173107143,26,5381.892181168656
test,40,1.5,0.0,3.5,0.1711938025137456,0.08285605272728058,0.8639563515592775,-0.06464508522767787,20,4582.31515961353
test,40,1.5,0.0,4.0,0.1695841796923554,0.08214458595360741,0.8569064196144929,-0.06464508522767787,19,4435.660899381879
test,40,1.5,0.5,3.0,0.24548905459235493,0.11437857938064622,1.2788684039955387,-0.071431502145056,32,6336.4065504962655
test,40,1.5,0.5,3.5,0.2605362811580181,0.12083411523891541,1.338783175828418,-0.062306952210231414,26,5476.616674149059
test,40,1.5,0.5,4.0,0.2588038710641578,0.12009779650888674,1.3312059959845417,-0.06359566474093448,25,5318.002857504072
test,40,1.5,1.0,3.0,0.1594348307414697,0.07576513343742985,1.0381092531387097,-0.052237853899358755,36,6282.842070947237
test,40,1.5,1.0,3.5,0.17899379763308776,0.0844400293703822,1.141401609324347,-0.04292469816727218,29,5298.099526932523
test,40,1.5,1.0,4.0,0.1773734549375634,0.08372752601108702,1.1323331728662531,-0.044240048576668634,28,5146.156466168704
test,40,2.0,0.0,3.0,0.13900740913274356,0.06803907613627391,0.7583802838986115,-0.07793544808998387,20,4106.276106910927
test,40,2.0,0.0,3.5,0.14956570793872626,0.07280104008187616,0.8048620383136291,-0.06887480898099918,15,3422.741586127303
test,40,2.0,0.0,4.0,0.14798580955280927,0.07209615364748223,0.797423240015153,-0.07015449501914162,14,3277.353495262644
test,40,2.0,0.5,3.0,0.17533660440254395,0.08358167285577855,0.9989693514320097,-0.07408530786771061,22,4325.319345307451
test,40,2.0,0.5,3.5,0.18623166528396395,0.08841265750409422,1.0471280283566844,-0.0649868354736266,17,3619.46044861372
test,40,2.0,0.5,4.0,0.18460137527064746,0.08769755440504579,1.0391342592397443,-0.06627186492365578,16,3469.0242417013606
test,40,2.0,1.0,3.0,0.1032661134651931,0.05033599082099949,0.7317659844825428,-0.05821929891879729,24,4167.141354262432
test,40,2.0,1.0,3.5,0.11876088209183644,0.057400851888798066,0.8230550020305137,-0.048964919673192164,18,3325.8603797325777
test,40,2.0,1.0,4.0,0.1172233201241859,0.05670604433185322,0.8135202232021381,-0.050271968742228834,17,3180.805555500204
test,40,2.5,0.0,3.0,0.0358903735967937,0.018895128863572586,0.30295068597472186,-0.0623114858132654,15,2744.727973540719
test,40,2.5,0.0,3.5,0.12195814289036933,0.0593715704234723,0.770720081617379,-0.062311485813265066,11,2470.6832743667505
test,40,2.5,0.0,4.0,0.12041618678748889,0.05867547306881837,0.7620573932125053,-0.062311485813265066,10,2321.4608546256804
test,40,2.5,0.5,3.0,0.05312084419765584,0.026535968120956044,0.4772099536038981,-0.053351067331529056,15,2644.3742961070125
test,40,2.5,0.5,3.5,0.12945410798434787,0.06226102189916727,0.8820264145651336,-0.04173857044675855,11,2307.7887210417375
test,40,2.5,0.5,4.0,0.12790184984908182,0.06156303347066783,0.8725919222964477,-0.04173857044675855,10,2157.1571617062045
test,40,2.5,1.0,3.0,0.007038074879181178,0.004531885688840553,0.09261141184488413,-0.060169702170135286,15,2360.284394659876
test,40,2.5,1.0,3.5,0.07230308269596408,0.03593168521358292,0.5543107437349857,-0.05889980257602123,11,2009.0976756148125
test,40,2.5,1.0,4.0,0.07082936971212672,0.03525092943922559,0.5441158992238342,-0.06019319770135145,10,1867.763695328202
test,60,1.5,0.0,3.0,0.1252378473348803,0.061279663218864355,0.7436633361404131,-0.08428797715533654,18,4097.907797000817
test,60,1.5,0.0,3.5,0.11041839085494298,0.05460879757528381,0.6625584094893182,-0.09836747915484478,17,3911.1393453485407
test,60,1.5,0.0,4.0,0.11978879054154201,0.05885834511430588,0.7114783246049475,-0.09075894424553832,13,3371.0637065544133
test,60,1.5,0.5,3.0,0.06516748950458462,0.032975948443676906,0.47509644744976887,-0.07576497477040567,18,3829.008456749354
test,60,1.5,0.5,3.5,0.051139163589363656,0.02648229659058865,0.38102409563277556,-0.0899755219305387,17,3652.6495007052813
test,60,1.5,0.5,4.0,0.060009328358054725,0.03061895296369288,0.43860620346704354,-0.0822961704767734,13,3115.537478110193
test,60,1.5,1.0,3.0,0.0019400668307365532,0.002207893767979918,0.043549152007302,-0.07523162292553343,23,4163.195594117931
test,60,1.5,1.0,3.5,-0.01346523180289605,-0.0051561109454346665,-0.10127903528617853,-0.08945037062052741,23,4129.997535494747
test,60,1.5,1.0,4.0,-0.00043369476277022034,0.0011087665794353718,0.021591419284292257,-0.07805843105552424,18,3464.930544047913
test,60,2.0,0.0,3.0,0.0580762851090868,0.029716171780071354,0.4260743526838928,-0.0842879771553362,15,3455.7716449195123
test,60,2.0,0.0,3.5,0.041807865780543185,0.022150852213262073,0.3173660452343752,-0.09836747915484434,15,3427.774919188964
test,60,2.0,0.0,4.0,0.05556952753771105,0.028586997375618095,0.40711951649390854,-0.09075894424553865,10,2734.436540346281
test,60,2.0,0.5,3.0,0.01595528133865165,0.00916115578725063,0.1628822954488573,-0.09676180797858525,15,3280.9642081974935
test,60,2.0,0.5,3.5,0.0003344922060786182,0.001746262718081315,0.030961155488736965,-0.11064951897651665,15,3254.0624803139376
test,60,2.0,0.5,4.0,0.013548315385896403,0.008054433264438776,0.14172196087842104,-0.09890172851973256,10,2565.7285064843973
test,60,2.0,1.0,3.0,0.0035459137197551005,0.0027769650147755343,0.059522929888243314,-0.08777353043668956,17,3244.4701482184632
test,60,2.0,1.0,3.5,-0.011884075563253327,-0.004591204573163421,-0.09786369587857519,-0.10179944041908917,17,3220.6781978735835
test,60,2.0,1.0,4.0,0.0011683476095962764,0.001677216198455067,0.035408337497442856,-0.08993474569268534,12,2536.585323565904
test,60,2.5,0.0,3.0,0.02155288152140611,0.012237595615134822,0.19199612360706605,-0.08428797715533731,12,2663.063691299286
test,60,2.5,0.0,3.5,0.0058460266596529475,0.0048001876624150785,0.07520427781284626,-0.09836747915484523,12,2640.7616467699168
test,60,2.5,0.0,4.0,0.01913265392879082,0.011127512636803782,0.17318288260001538,-0.09075894424553932,7,1970.5554841397623
test,60,2.5,0.5,3.0,-0.017920626152523877,-0.007393576779038069,-0.15077889890027515,-0.09384823556217836,12,2513.423931019026
test,60,2.5,0.5,3.5,-0.03302055731298581,-0.01468730958014286,-0.29817630133821194,-0.10778074410304761,12,2491.9648395956356
test,60,2.5,0.5,4.0,-0.020247334482283885,-0.008482215542287008,-0.1706497771830345,-0.09599505883786097,7,1825.8828695156676
test,60,2.5,1.0,3.0,-0.016385811620599156,-0.007018565944428623,-0.1715586744199621,-0.08678141826980301,13,2460.0581433939174
test,60,2.5,1.0,3.5,-0.031509341274617575,-0.014315043451224363,-0.3471093317222319,-0.10082258244226427,13,2439.7266327994093
test,60,2.5,1.0,4.0,-0.018716156179619192,-0.00810761436840246,-0.19433105149235216,-0.08894498400347495,8,1771.8694668850644
test,90,1.5,0.0,3.0,0.01564448002277108,0.010134271664841599,0.13734962311292337,-0.08857812163156642,15,3373.902386819339
test,90,1.5,0.0,3.5,0.022803888339663958,0.013535198175406826,0.18284191773435526,-0.08394433303279292,12,2983.123025505245
test,90,1.5,0.0,4.0,0.02708235941080095,0.015558554560485716,0.20988494946998532,-0.08011239837224615,10,2722.5435234978577
test,90,1.5,0.5,3.0,0.042486084786147016,0.022380890160264233,0.32658267619752634,-0.09912668737025188,17,3591.958190225052
test,90,1.5,0.5,3.5,0.04983470302064852,0.025822883785505013,0.3754829666593835,-0.09454652906587013,14,3189.2270970152085
test,90,1.5,0.5,4.0,0.05422624616744032,0.02787067248930941,0.40468137713089625,-0.09075894424553732,12,2920.43320318557
test,90,1.5,1.0,3.0,-0.028548044010529794,-0.012425209285958472,-0.24318009221498152,-0.1033834289839698,19,3544.3509386288524
test,90,1.5,1.0,3.5,-0.02170015446849527,-0.009099937655846713,-0.1772034741892854,-0.09882491251332814,16,3155.3674848921446
test,90,1.5,1.0,4.0,-0.01760784739406629,-0.007121591116418524,-0.13842428677530347,-0.09505522451566084,14,2892.4449432444835
test,90,2.0,0.0,3.0,-0.0228288989219686,-0.008439664966110039,-0.11830492093856038,-0.08857812163156575,13,2883.0253228639995
test,90,2.0,0.0,3.5,-0.015940694392044708,-0.005101027024484783,-0.07126198432981033,-0.0839443330327917,10,2501.094623962973
test,90,2.0,0.0,4.0,-0.011824295032082932,-0.0031147283784132007,-0.04345121869123649,-0.08011239837224515,8,2244.4771759108085
test,90,2.0,0.5,3.0,-0.026114863281770817,-0.010500611600347542,-0.16313453289998267,-0.09912668737025154,13,2674.2980129327098
test,90,2.0,0.5,3.5,-0.01924982193643332,-0.007168885424323701,-0.11095165536531112,-0.0945465290658708,10,2293.3402369210735
test,90,2.0,0.5,4.0,-0.015147264923602966,-0.005186698839917847,-0.0801513807257414,-0.09075894424553776,8,2037.585724528256
test,90,2.0,1.0,3.0,-0.07278440777470108,-0.03427504511615642,-0.7144648549540322,-0.11711883180562821,14,2644.7229279940566
test,90,2.0,1.0,3.5,-0.06624834603941465,-0.03102305506725811,-0.6431106846179335,-0.11089528911649915,11,2267.847665554892
test,90,2.0,1.0,4.0,-0.0623423876395276,-0.029088306421640953,-0.6017980459832936,-0.10717609247665971,9,2011.4577917646718
test,90,2.5,0.0,3.0,-0.05251925456368178,-0.023057487628703632,-0.33392474780180137,-0.08857812163156764,12,2636.962490978111
test,90,2.5,0.0,3.5,-0.045840341161993536,-0.01976787449920936,-0.2852756151423651,-0.08394433303279314,9,2261.8683021208294
test,90,2.5,0.0,4.0,-0.0418490144334539,-0.017810742505135924,-0.256654667797767,-0.08011239837224648,7,2008.3029961577517
test,90,2.5,0.5,3.0,-0.055705378219677026,-0.02508817084219417,-0.4050639152166839,-0.09912668737025188,12,2429.3612130996917
test,90,2.5,0.5,3.5,-0.04904892421264129,-0.021805368386380808,-0.35066272412470295,-0.09454652906587124,9,2055.2215906101474
test,90,2.5,0.5,4.0,-0.045071019245513044,-0.019852288311333344,-0.3187483491091013,-0.09075894424553854,7,1802.5089567710788
test,90,2.5,1.0,3.0,-0.10198354915995356,-0.04897506004847907,-1.0592074543722876,-0.1226416025591649,12,2262.0480482012144
test,90,2.5,1.0,3.5,-0.09565331592055404,-0.0457723756869679,-0.9841688251558017,-0.11645699059002967,9,1894.6958850701728
test,90,2.5,1.0,4.0,-0.09187036087880895,-0.043866960804512134,-0.9412099913432478,-0.11276105899555633,7,1644.1358908873478
test,120,1.5,0.0,3.0,-0.0003268464884269573,0.003769744216052917,0.042163540209762825,-0.12195255833584595,15,3398.008652278788
test,120,1.5,0.0,3.5,0.003419790244119092,0.005625758712222151,0.06237964713446846,-0.11620651937818516,8,2447.189742083411
test,120,1.5,0.0,4.0,0.010976554534527283,0.009235128010641969,0.10219442045467104,-0.11620651937818516,6,2177.658650075089
test,120,1.5,0.5,3.0,-0.010383784447816735,-0.00265545274563761,-0.03884578609483649,-0.08692315223123226,16,3288.703870990464
test,120,1.5,0.5,3.5,-0.0016014463975010385,0.0015997744059850216,0.02315178429112508,-0.08520330836552537,9,2354.2187952445756
test,120,1.5,0.5,4.0,0.005917502910469441,0.005194751061103453,0.07501315101444046,-0.08011239837224593,7,2087.6277712135843
test,120,1.5,1.0,3.0,-0.04174381420552076,-0.01884658553098084,-0.36949451113151244,-0.12439642466782908,18,3368.909903573556
test,120,1.5,1.0,3.5,-0.03323978038898012,-0.014660166289905296,-0.2824573677579566,-0.1166258905195574,11,2439.81756657998
test,120,1.5,1.0,4.0,-0.025959099684878195,-0.011123320260175484,-0.2137609641364461,-0.10997319142940953,9,2176.8005990915226
test,120,2.0,0.0,3.0,-0.0003268464884269573,0.003769744216052917,0.042163540209762825,-0.12195255833584595,15,3398.008652278788
test,120,2.0,0.0,3.5,0.003419790244119092,0.005625758712222151,0.06237964713446846,-0.11620651937818516,8,2447.189742083411
test,120,2.0,0.0,4.0,0.010976554534527283,0.009235128010641969,0.10219442045467104,-0.11620651937818516,6,2177.658650075089
test,120,2.0,0.5,3.0,-0.010383784447816735,-0.00265545274563761,-0.03884578609483649,-0.08692315223123226,16,3288.703870990464
test,120,2.0,0.5,3.5,-0.0016014463975010385,0.0015997744059850216,0.02315178429112508,-0.08520330836552537,9,2354.2187952445756
test,120,2.0,0.5,4.0,0.005917502910469441,0.005194751061103453,0.07501315101444046,-0.08011239837224593,7,2087.6277712135843
test,120,2.0,1.0,3.0,-0.05510208438223374,-0.025514597696754904,-0.52609812127922,-0.12439642466782841,17,3132.182613993503
test,120,2.0,1.0,3.5,-0.04671659838515674,-0.021356517002282693,-0.4320992559748181,-0.11662589051955674,10,2216.041997678237
test,120,2.0,1.0,4.0,-0.03953741172967917,-0.01784361208220575,-0.360053289070774,-0.10997319142940898,8,1956.6915358328997
test,120,2.5,0.0,3.0,-0.015199038504105977,-0.0034820146639111815,-0.039573070131356365,-0.12195255833584617,15,3327.151338095726
test,120,2.5,0.0,3.5,-0.0115081406905303,-0.0016393559230234445,-0.01846685473436255,-0.11620651937818538,8,2390.477812674253
test,120,2.5,0.0,4.0,-0.0040637987945291165,0.0019440408759510142,0.02185446882952325,-0.11620651937818538,6,2124.956549418922
test,120,2.5,0.5,3.0,-0.025106358849081634,-0.00986097558586052,-0.1478862406305189,-0.08692315223123182,16,3219.519355661448
test,120,2.5,0.5,3.5,-0.016454676120828626,-0.005636369393632434,-0.08359018637768643,-0.08520330836552525,9,2298.9366653436955
test,120,2.5,0.5,4.0,-0.009047586631712345,-0.002067262080815535,-0.030590168953444574,-0.08011239837224604,7,2036.3117305140772
test,120,2.5,1.0,3.0,-0.07401106555741033,-0.03492203510250069,-0.7400679678751004,-0.12439642466782908,16,2914.933879570286
test,120,2.5,1.0,3.5,-0.06579338710254645,-0.030803936617032512,-0.6400195624329144,-0.1166258905195563,9,2017.1267629711197
test,120,2.5,1.0,4.0,-0.05875786793016913,-0.027324809666841365,-0.5661527728873715,-0.10997319142940998,7,1762.9663358583703
