ticker_y,ticker_x,n_windows,average_test_return,median_test_return,average_test_sharpe_ratio,median_test_sharpe_ratio,profitable_window_fraction,worst_window_return,worst_maximum_drawdown,total_number_of_entries,consistency_score
NESTE.HE,WRT1V.HE,1,0.030936153963242896,0.030936153963242896,2.0325224576824747,2.0325224576824747,1.0,0.030936153963242896,0.0,1,1.0
SAND.ST,OUT1V.HE,1,0.03089058570771619,0.03089058570771619,1.8217981790087536,1.8217981790087536,1.0,0.03089058570771619,-0.003112799348646611,1,0.9729344967305643
HEXA-B.ST,VWS.CO,1,0.0036111797644815535,0.0036111797644815535,0.30200857060114666,0.30200857060114666,1.0,0.0036111797644815535,-0.01900713484736216,1,0.5615777518009227
EQNR.OL,NOKIA.HE,1,0.003510119132622558,0.003510119132622558,0.18344826974397313,0.18344826974397313,1.0,0.003510119132622558,-0.03566883744810534,1,0.5420127373421786
EQNR.OL,KEMIRA.HE,1,0.0018412636771600877,0.0018412636771600877,0.15667740083324438,0.15667740083324438,1.0,0.0018412636771600877,-0.01916638628990086,1,0.5293592492953781
NOVO-B.CO,NOKIA.HE,2,0.0008597696411308808,0.0008597696411308808,0.21377766418799965,0.21377766418799965,0.5,0.0,-0.004852708742601797,2,0.4070293836779556
SEB-A.ST,NESTE.HE,4,0.0,0.0,0.0,0.0,0.0,0.0,0.0,1,0.25
HEXA-B.ST,EQNR.OL,1,0.0,0.0,0.0,0.0,0.0,0.0,0.0,0,0.25
ORK.OL,MAERSK-B.CO,1,0.0,0.0,0.0,0.0,0.0,0.0,0.0,0,0.25
MAERSK-B.CO,SAMPO.HE,1,0.0,0.0,0.0,0.0,0.0,0.0,0.0,0,0.25
DSV.CO,WRT1V.HE,1,0.0,0.0,0.0,0.0,0.0,0.0,0.0,0,0.25
OUT1V.HE,KNEBV.HE,1,0.0,0.0,0.0,0.0,0.0,0.0,0.0,0,0.25
DNB.OL,WRT1V.HE,1,0.0,0.0,0.0,0.0,0.0,0.0,0.0,0,0.25
SAND.ST,KEMIRA.HE,1,0.0,0.0,0.0,0.0,0.0,0.0,0.0,0,0.25
DNB.OL,NESTE.HE,1,0.0,0.0,0.0,0.0,0.0,0.0,0.0,0,0.25
ERIC-B.ST,FORTUM.HE,1,0.0,0.0,0.0,0.0,0.0,0.0,0.0,0,0.25
NOVO-B.CO,NESTE.HE,1,0.0,0.0,0.0,0.0,0.0,0.0,0.0,0,0.25
SAND.ST,MOWI.OL,1,0.0,0.0,0.0,0.0,0.0,0.0,0.0,0,0.25
ERIC-B.ST,EQNR.OL,1,0.0,0.0,0.0,0.0,0.0,0.0,0.0,0,0.25
EQNR.OL,KNEBV.HE,2,0.0,0.0,0.0,0.0,0.0,0.0,0.0,0,0.25
SAMPO.HE,KEMIRA.HE,1,0.0,0.0,0.0,0.0,0.0,0.0,0.0,0,0.25
SAMPO.HE,FORTUM.HE,1,0.0,0.0,0.0,0.0,0.0,0.0,0.0,0,0.25
OUT1V.HE,KEMIRA.HE,1,0.0,0.0,0.0,0.0,0.0,0.0,0.0,0,0.25
OUT1V.HE,NOKIA.HE,1,0.0,0.0,0.0,0.0,0.0,0.0,0.0,0,0.25
KNEBV.HE,ELISA.HE,1,0.0,0.0,0.0,0.0,0.0,0.0,0.0,0,0.25
NESTE.HE,NOKIA.HE,1,0.0,0.0,0.0,0.0,0.0,0.0,0.0,0,0.25
ERIC-B.ST,SAMPO.HE,1,0.0,0.0,0.0,0.0,0.0,0.0,0.0,0,0.25
MAERSK-B.CO,NOKIA.HE,1,0.0,0.0,0.0,0.0,0.0,0.0,0.0,0,0.25
EQNR.OL,FORTUM.HE,1,0.0,0.0,0.0,0.0,0.0,0.0,0.0,0,0.25
ORK.OL,OUT1V.HE,1,0.0,0.0,0.0,0.0,0.0,0.0,0.0,0,0.25
HEXA-B.ST,SKF-B.ST,1,0.0,0.0,0.0,0.0,0.0,0.0,0.0,0,0.25
INDU-C.ST,KNEBV.HE,1,0.0,0.0,0.0,0.0,0.0,0.0,0.0,0,0.25
SEB-A.ST,OUT1V.HE,1,0.0,0.0,0.0,0.0,0.0,0.0,0.0,0,0.25
INDU-C.ST,TEL2-B.ST,1,0.0,0.0,0.0,0.0,0.0,0.0,0.0,0,0.25
DSV.CO,KNEBV.HE,1,0.0,0.0,0.0,0.0,0.0,0.0,0.0,0,0.25
DNB.OL,FORTUM.HE,1,0.0,0.0,0.0,0.0,0.0,0.0,0.0,0,0.25
ORK.OL,TGS.OL,1,0.0,0.0,0.0,0.0,0.0,0.0,0.0,0,0.25
TEL2-B.ST,NESTE.HE,1,0.0,0.0,0.0,0.0,0.0,0.0,0.0,0,0.25
TGS.OL,WRT1V.HE,1,0.0,0.0,0.0,0.0,0.0,0.0,0.0,0,0.25
ORK.OL,MOWI.OL,1,0.0,0.0,0.0,0.0,0.0,0.0,0.0,0,0.25
SKF-B.ST,KNEBV.HE,1,0.0,0.0,0.0,0.0,0.0,0.0,0.0,0,0.25
ORK.OL,FORTUM.HE,1,0.0,0.0,0.0,0.0,0.0,0.0,0.0,0,0.25
MOWI.OL,OUT1V.HE,1,0.0,0.0,0.0,0.0,0.0,0.0,0.0,0,0.25
ERIC-B.ST,SKF-B.ST,3,0.0,0.0,0.0,0.0,0.0,0.0,0.0,0,0.25
TGS.OL,SAMPO.HE,1,0.0,0.0,0.0,0.0,0.0,0.0,0.0,0,0.25
SHB-A.ST,SAMPO.HE,1,0.0,0.0,0.0,0.0,0.0,0.0,0.0,0,0.25
ERIC-B.ST,KNEBV.HE,1,0.0,0.0,0.0,0.0,0.0,0.0,0.0,0,0.25
SHB-A.ST,ELISA.HE,1,0.0,0.0,0.0,0.0,0.0,0.0,0.0,0,0.25
HEXA-B.ST,NESTE.HE,2,-0.0014395423801056295,-0.0014395423801056295,-0.8358619811367916,-0.8358619811367916,0.0,-0.002879084760211259,-0.0034185403910377277,1,0.24914536490224057
EQNR.OL,SAMPO.HE,1,-0.004345366989147781,-0.004345366989147781,-2.111000646761065,-2.111000646761065,0.0,-0.004345366989147781,-0.004345366989147781,1,0.24891365825271305
TGS.OL,NOKIA.HE,1,-0.005622067477454418,-0.005622067477454418,-2.0160645150967413,-2.0160645150967413,0.0,-0.005622067477454418,-0.005622067477454418,1,0.2485944831306364
FORTUM.HE,KEMIRA.HE,1,-0.005996999410180726,-0.005996999410180726,-2.6950256288851038,-2.6950256288851038,0.0,-0.005996999410180726,-0.005996999410180726,1,0.24850075014745482
MOWI.OL,WRT1V.HE,3,-0.0013206683614501353,0.0,-0.1049797697538371,0.0,0.0,-0.003962005084350406,-0.018331108318704215,1,0.24541722292032395
OUT1V.HE,UPM.HE,3,-0.008133025341098832,0.0,-0.9111921363906094,0.0,0.0,-0.024399076023296495,-0.024399076023296495,1,0.24390023099417588
AZN.ST,WRT1V.HE,3,-0.009361599396101187,0.0,-0.6666666666666666,0.0,0.0,-0.02808479818830356,-0.02808479818830356,1,0.2429788004529241
SKF-B.ST,CARL-B.CO,1,-0.01745499900726777,-0.01745499900726777,-1.038864785771984,-1.038864785771984,0.0,-0.01745499900726777,-0.03058111527544649,1,0.24235472118113838
