window_id,train_start,train_end,test_start,test_end,ticker_y,ticker_x,training_rank,training_score,training_cointegration_pvalue,training_adf_pvalue,training_half_life,test_total_return,test_annualized_return,test_sharpe_ratio,test_maximum_drawdown,test_number_of_entries,test_total_costs
0,2018-01-02,2019-12-23,2019-12-27,2020-03-26,MAERSK-B.CO,NOKIA.HE,1.0,9.912642750912177,0.0014206292933588009,0.00023597696155386612,10.247388935579993,0.0,0.0,0.0,0.0,0,0.0
0,2018-01-02,2019-12-23,2019-12-27,2020-03-26,MOWI.OL,WRT1V.HE,2.0,9.683337075548057,0.0016929156628096476,0.0002857599859699427,10.460913964470464,0.0,0.0,0.0,0.0,0,0.0
0,2018-01-02,2019-12-23,2019-12-27,2020-03-26,HEXA-B.ST,SKF-B.ST,3.0,8.860099059248927,0.0031891752412174803,0.0005735989418994764,12.906416949082404,0.0,0.0,0.0,0.0,0,0.0
1,2018-04-03,2020-03-26,2020-03-27,2020-06-26,INDU-C.ST,KNEBV.HE,1.0,12.050026112219825,0.000297052063724445,4.4485267977292874e-05,15.090748382678338,0.0,0.0,0.0,0.0,0,0.0
1,2018-04-03,2020-03-26,2020-03-27,2020-06-26,SEB-A.ST,OUT1V.HE,2.0,11.882995073137419,0.0003815025354125785,5.8404657843811514e-05,31.94374239885765,0.0,0.0,0.0,0.0,0,0.0
1,2018-04-03,2020-03-26,2020-03-27,2020-06-26,DNB.OL,KNEBV.HE,,,,,,,,,,0,0.0
2,2018-07-02,2020-06-26,2020-06-29,2020-09-23,AZN.ST,WRT1V.HE,1.0,8.895205473699662,0.003216459350114653,0.0005827057517927193,18.241091391712455,0.0,0.0,0.0,0.0,0,0.0
2,2018-07-02,2020-06-26,2020-06-29,2020-09-23,INDU-C.ST,TEL2-B.ST,2.0,8.529854466171422,0.0040375184131931675,0.0007599047403084748,12.7842652525457,0.0,0.0,0.0,0.0,0,0.0
2,2018-07-02,2020-06-26,2020-06-29,2020-09-23,DSV.CO,KNEBV.HE,3.0,8.43684706634688,0.004230994877061202,0.0007907548601411656,10.077393592549996,0.0,0.0,0.0,0.0,0,0.0
3,2018-09-27,2020-09-23,2020-09-24,2020-12-21,HEXA-B.ST,NESTE.HE,1.0,10.512033175275329,0.000922997939121583,0.00014557822813288736,11.253107103514576,0.0,0.0,0.0,0.0,0,0.0
3,2018-09-27,2020-09-23,2020-09-24,2020-12-21,AZN.ST,WRT1V.HE,2.0,10.034923787143825,0.0013501836520712835,0.00022339227274996212,15.177762686325023,-0.02808479818830356,-0.10628132994021344,-2.0,-0.02808479818830356,1,70.0
3,2018-09-27,2020-09-23,2020-09-24,2020-12-21,HEXA-B.ST,VWS.CO,3.0,9.357149266367141,0.002179344693824179,0.0003737914803281878,12.043051723478255,0.0036111797644815535,0.015887265597434252,0.30200857060114666,-0.01900713484736216,1,70.0
4,2018-12-28,2020-12-21,2020-12-22,2021-03-24,HEXA-B.ST,NESTE.HE,1.0,9.516110487026998,0.0019217187105587848,0.000329407791958038,10.722399397143358,-0.002879084760211259,-0.011626717719314672,-1.671723962273583,-0.0034185403910377277,1,70.0
4,2018-12-28,2020-12-21,2020-12-22,2021-03-24,AZN.ST,WRT1V.HE,2.0,8.983303612213357,0.0029595951242701157,0.0005296419801045716,15.57506202217078,0.0,0.0,0.0,0.0,0,0.0
4,2018-12-28,2020-12-21,2020-12-22,2021-03-24,FORTUM.HE,KEMIRA.HE,3.0,8.812985887214168,0.0032478533489233236,0.000588183390833534,10.769146734864568,-0.005996999410180726,-0.024112371305852753,-2.6950256288851038,-0.005996999410180726,1,70.0
5,2019-03-29,2021-03-24,2021-03-25,2021-06-24,CARL-B.CO,KEMIRA.HE,,,,,,,,,,0,0.0
5,2019-03-29,2021-03-24,2021-03-25,2021-06-24,DNB.OL,FORTUM.HE,2.0,7.819253143932866,0.006753756212765047,0.0013353737852190664,11.19467508218484,0.0,0.0,0.0,0.0,0,0.0
5,2019-03-29,2021-03-24,2021-03-25,2021-06-24,ORK.OL,TGS.OL,3.0,7.308869849005724,0.011191246456188336,0.002025297412508644,21.611557711336808,0.0,0.0,0.0,0.0,0,0.0
6,2019-07-01,2021-06-24,2021-06-25,2021-09-21,MOWI.OL,WRT1V.HE,1.0,9.642855371069839,0.00175063513030647,0.00029569800797074494,10.609505042535702,-0.003962005084350406,-0.014901348515592105,-0.3149393092615113,-0.018331108318704215,1,70.0
6,2019-07-01,2021-06-24,2021-06-25,2021-09-21,TEL2-B.ST,NESTE.HE,2.0,8.96036263035103,0.0029786975811607864,0.0005349058321749297,13.869279006339147,0.0,0.0,0.0,0.0,0,0.0
6,2019-07-01,2021-06-24,2021-06-25,2021-09-21,EQNR.OL,FORTUM.HE,3.0,8.775111180806748,0.0033217890677442437,0.0006030266563558597,10.419179496104409,0.0,0.0,0.0,0.0,0,0.0
7,2019-09-26,2021-09-21,2021-09-22,2021-12-17,ORK.OL,MOWI.OL,1.0,6.682346710654851,0.015496364613830704,0.0034372742419117846,10.102054709885117,0.0,0.0,0.0,0.0,0,0.0
7,2019-09-26,2021-09-21,2021-09-22,2021-12-17,ORK.OL,OUT1V.HE,2.0,6.638386192333858,0.01607863798681818,0.003569083804999867,11.044145238891373,0.0,0.0,0.0,0.0,0,0.0
7,2019-09-26,2021-09-21,2021-09-22,2021-12-17,ORK.OL,FORTUM.HE,3.0,6.553625027252557,0.017113898984880502,0.0038455269404662623,11.227881409726333,0.0,0.0,0.0,0.0,0,0.0
8,2019-12-27,2021-12-17,2021-12-20,2022-03-18,MOWI.OL,OUT1V.HE,1.0,9.149231302778412,0.0025424637100595867,0.0004479780923928034,11.799760561800838,0.0,0.0,0.0,0.0,0,0.0
8,2019-12-27,2021-12-17,2021-12-20,2022-03-18,MOWI.OL,WRT1V.HE,2.0,8.215729810184838,0.00503635475233536,0.0009625958415332948,11.040641894627312,0.0,0.0,0.0,0.0,0,0.0
8,2019-12-27,2021-12-17,2021-12-20,2022-03-18,TGS.OL,NOKIA.HE,3.0,7.70773288095234,0.009135232429424761,0.0015381886618069049,32.31816904476405,-0.005622067477454418,-0.022592890272442934,-2.0160645150967413,-0.005622067477454418,1,70.0
9,2020-03-27,2022-03-18,2022-03-21,2022-06-20,ERIC-B.ST,SKF-B.ST,1.0,11.334747459404586,0.0005086216660393616,7.697945719133913e-05,13.491202339699035,0.0,0.0,0.0,0.0,0,0.0
9,2020-03-27,2022-03-18,2022-03-21,2022-06-20,OUT1V.HE,UPM.HE,2.0,7.02514368672065,0.012301439383592681,0.0026339376922831746,12.766104601784132,0.0,0.0,0.0,0.0,0,0.0
9,2020-03-27,2022-03-18,2022-03-21,2022-06-20,TGS.OL,SAMPO.HE,3.0,6.511382316175444,0.017950052883645005,0.004084383423662596,13.764028611437974,0.0,0.0,0.0,0.0,0,0.0
10,2020-06-29,2022-06-20,2022-06-21,2022-09-15,ERIC-B.ST,SKF-B.ST,1.0,9.298986196842234,0.00238862452951671,0.0004186204112489329,17.710237404063182,0.0,0.0,0.0,0.0,0,0.0
10,2020-06-29,2022-06-20,2022-06-21,2022-09-15,SHB-A.ST,SAMPO.HE,2.0,6.4412198483240894,0.020191243383860955,0.004501549990417216,20.59080534268804,0.0,0.0,0.0,0.0,0,0.0
10,2020-06-29,2022-06-20,2022-06-21,2022-09-15,OUT1V.HE,UPM.HE,3.0,5.891907984778529,0.028369520341206936,0.00692127514557132,13.779808523632964,-0.024399076023296495,-0.09492644598498334,-2.733576409171828,-0.024399076023296495,1,70.0
11,2020-09-24,2022-09-15,2022-09-16,2022-12-13,ERIC-B.ST,SKF-B.ST,1.0,9.519694578290409,0.0019703568066417754,0.0003381559198901955,13.890133179084785,0.0,0.0,0.0,0.0,0,0.0
11,2020-09-24,2022-09-15,2022-09-16,2022-12-13,ERIC-B.ST,KNEBV.HE,2.0,8.33923128514622,0.004847837125309342,0.0008993052420002623,16.623445118916344,0.0,0.0,0.0,0.0,0,0.0
11,2020-09-24,2022-09-15,2022-09-16,2022-12-13,SHB-A.ST,ELISA.HE,3.0,6.760199833309327,0.015392768408426209,0.003397949991851354,16.805028700684126,0.0,0.0,0.0,0.0,0,0.0
12,2020-12-22,2022-12-13,2022-12-14,2023-03-13,TGS.OL,WRT1V.HE,1.0,8.437410290103081,0.004300834270122534,0.0008019403659527368,11.665778047674266,0.0,0.0,0.0,0.0,0,0.0
12,2020-12-22,2022-12-13,2022-12-14,2023-03-13,ERIC-B.ST,EQNR.OL,2.0,8.346690421275586,0.004713826368837834,0.0008711587161800855,13.953487114984906,0.0,0.0,0.0,0.0,0,0.0
12,2020-12-22,2022-12-13,2022-12-14,2023-03-13,SKF-B.ST,KNEBV.HE,3.0,7.469326762977754,0.008794079431832955,0.0017999149762817543,11.595952192797848,0.0,0.0,0.0,0.0,0,0.0
13,2021-03-25,2023-03-13,2023-03-14,2023-06-13,SKF-B.ST,CARL-B.CO,,,,,,,,,,0,0.0
13,2021-03-25,2023-03-13,2023-03-14,2023-06-13,ERIC-B.ST,SAMPO.HE,2.0,7.817884588726497,0.006839205552393972,0.0014052148368154174,13.86386290687965,0.0,0.0,0.0,0.0,0,0.0
13,2021-03-25,2023-03-13,2023-03-14,2023-06-13,EQNR.OL,DSV.CO,,,,,,,,,,0,0.0
14,2021-06-25,2023-06-13,2023-06-14,2023-09-08,HEXA-B.ST,EQNR.OL,1.0,7.889075887269459,0.006392027923498836,0.001261016128092201,10.907385592088348,0.0,0.0,0.0,0.0,0,0.0
14,2021-06-25,2023-06-13,2023-06-14,2023-09-08,NOVO-B.CO,NOKIA.HE,2.0,7.456669214641069,0.008954675482848921,0.0018339596213895948,13.615868778080344,0.0017195392822617617,0.007144659314426205,0.4275553283759993,-0.004852708742601797,1,70.0
14,2021-06-25,2023-06-13,2023-06-14,2023-09-08,ORK.OL,MAERSK-B.CO,3.0,7.203914444620885,0.012143602018341627,0.0024173301653230574,26.394546776235263,0.0,0.0,0.0,0.0,0,0.0
15,2021-09-22,2023-09-08,2023-09-11,2023-12-06,MAERSK-B.CO,SAMPO.HE,1.0,8.516271861962947,0.004025580228440298,0.0007473419442992358,11.144819313328213,0.0,0.0,0.0,0.0,0,0.0
15,2021-09-22,2023-09-08,2023-09-11,2023-12-06,DSV.CO,WRT1V.HE,2.0,7.998133274311417,0.006059179051454187,0.0011527526237506806,13.669696677574285,0.0,0.0,0.0,0.0,0,0.0
15,2021-09-22,2023-09-08,2023-09-11,2023-12-06,SKF-B.ST,CARL-B.CO,3.0,6.759801702033355,0.014786588590551009,0.00325565920662128,12.317661928496467,-0.01745499900726777,-0.06599610753056662,-1.038864785771984,-0.03058111527544649,1,70.0
16,2021-12-20,2023-12-06,2023-12-07,2024-03-07,OUT1V.HE,KNEBV.HE,1.0,9.972547824115736,0.0013978203802300923,0.00022858433637389406,12.549703030664835,0.0,0.0,0.0,0.0,0,0.0
16,2021-12-20,2023-12-06,2023-12-07,2024-03-07,NOVO-B.CO,NOKIA.HE,2.0,9.236694258096966,0.0023561502313736243,0.00041271283383481947,10.874818996983905,0.0,0.0,0.0,0.0,1,0.0
16,2021-12-20,2023-12-06,2023-12-07,2024-03-07,DNB.OL,WRT1V.HE,3.0,7.424709824031052,0.009407997778503457,0.0018589520516275474,14.997242478268806,0.0,0.0,0.0,0.0,0,0.0
17,2022-03-21,2024-03-07,2024-03-08,2024-06-07,AZN.ST,DSV.CO,,,,,,,,,,0,0.0
17,2022-03-21,2024-03-07,2024-03-08,2024-06-07,SAND.ST,KEMIRA.HE,2.0,7.908064058811714,0.006307085664087982,0.0012263028045480726,10.031924021093841,0.0,0.0,0.0,0.0,0,0.0
17,2022-03-21,2024-03-07,2024-03-08,2024-06-07,SEB-A.ST,NOVO-B.CO,,,,,,,,,,0,0.0
18,2022-06-21,2024-06-07,2024-06-10,2024-09-04,DNB.OL,NESTE.HE,1.0,8.325229930423022,0.004623837722326008,0.0008725798917927985,10.504029921769664,0.0,0.0,0.0,0.0,0,0.0
18,2022-06-21,2024-06-07,2024-06-10,2024-09-04,SEB-A.ST,NESTE.HE,2.0,7.6442734587019485,0.007711452772469753,0.0015514012988069833,11.427001611763732,0.0,0.0,0.0,0.0,0,0.0
18,2022-06-21,2024-06-07,2024-06-10,2024-09-04,NOVO-B.CO,NESTE.HE,3.0,7.627813114148944,0.0077555141914033635,0.0015622668021672568,11.27895124849122,0.0,0.0,0.0,0.0,0,0.0
19,2022-09-16,2024-09-04,2024-09-05,2024-12-02,SAND.ST,MOWI.OL,1.0,13.548386526600128,9.908081555976697e-05,1.13819052545023e-05,10.55806850841407,0.0,0.0,0.0,0.0,0,0.0
19,2022-09-16,2024-09-04,2024-09-05,2024-12-02,ERIC-B.ST,FORTUM.HE,2.0,10.27520961947604,0.0011178028321016532,0.00017848996861346197,12.855384710925206,0.0,0.0,0.0,0.0,0,0.0
19,2022-09-16,2024-09-04,2024-09-05,2024-12-02,SEB-A.ST,NESTE.HE,3.0,9.667361237048226,0.0017179070853354831,0.0002905360392111639,10.556059246700409,0.0,0.0,0.0,0.0,0,0.0
20,2022-12-14,2024-12-02,2024-12-03,2025-03-06,NESTE.HE,WRT1V.HE,1.0,8.348251270712725,0.004715357775837887,0.0009038218351655052,15.336340097036127,0.030936153963242896,0.13629096648945804,2.0325224576824747,0.0,1,70.0
20,2022-12-14,2024-12-02,2024-12-03,2025-03-06,EQNR.OL,KNEBV.HE,2.0,8.229094229328634,0.005004706223346063,0.0009521035370267936,11.453558739071523,0.0,0.0,0.0,0.0,0,0.0
20,2022-12-14,2024-12-02,2024-12-03,2025-03-06,SEB-A.ST,NESTE.HE,3.0,7.5645501889905695,0.00816813636575207,0.0016572125003202316,11.217434910694685,0.0,0.0,0.0,0.0,1,0.0
21,2023-03-14,2025-03-06,2025-03-07,2025-06-06,SAMPO.HE,KEMIRA.HE,1.0,8.708231743130792,0.003484479884086013,0.0006380201389773302,10.034205477554963,0.0,0.0,0.0,0.0,0,0.0
21,2023-03-14,2025-03-06,2025-03-07,2025-06-06,SAMPO.HE,FORTUM.HE,2.0,8.413652605432889,0.004392102456603714,0.0008236011125294157,11.7714455850662,0.0,0.0,0.0,0.0,0,0.0
21,2023-03-14,2025-03-06,2025-03-07,2025-06-06,SEB-A.ST,NESTE.HE,3.0,7.867687782633467,0.006502823398797831,0.0012813795960728504,10.65695068973423,0.0,0.0,0.0,0.0,0,0.0
22,2023-06-14,2025-06-06,2025-06-09,2025-09-03,OUT1V.HE,KEMIRA.HE,1.0,9.290540498859748,0.002383026406713527,0.0004047128003695034,15.494515061889992,0.0,0.0,0.0,0.0,0,0.0
22,2023-06-14,2025-06-06,2025-06-09,2025-09-03,OUT1V.HE,NOKIA.HE,2.0,9.10865031488736,0.002789169288063926,0.0004884813691719652,19.144806929777772,0.0,0.0,0.0,0.0,0,0.0
22,2023-06-14,2025-06-06,2025-06-09,2025-09-03,OUT1V.HE,UPM.HE,3.0,8.573951668165147,0.00435831706566043,0.0007971474463291252,25.71279716640216,0.0,0.0,0.0,0.0,0,0.0
23,2023-09-11,2025-09-03,2025-09-04,2025-12-01,KNEBV.HE,ELISA.HE,1.0,7.384362721292821,0.009432857329018366,0.0019500173190644913,12.668772182997131,0.0,0.0,0.0,0.0,0,0.0
23,2023-09-11,2025-09-03,2025-09-04,2025-12-01,EQNR.OL,KNEBV.HE,2.0,6.661676134825116,0.015949423070523272,0.0035511336165649637,12.553310494857934,0.0,0.0,0.0,0.0,0,0.0
23,2023-09-11,2025-09-03,2025-09-04,2025-12-01,NESTE.HE,NOKIA.HE,3.0,6.548712771830658,0.01766520232296034,0.003950637761012317,14.261721419994963,0.0,0.0,0.0,0.0,0,0.0
24,2023-12-07,2025-12-01,2025-12-02,2026-03-05,EQNR.OL,SAMPO.HE,1.0,10.324553612663715,0.0010494069904797864,0.00016876057703682555,10.071252347373216,-0.004345366989147781,-0.01751062947497073,-2.111000646761065,-0.004345366989147781,1,70.0
24,2023-12-07,2025-12-01,2025-12-02,2026-03-05,EQNR.OL,NOKIA.HE,2.0,10.211778996591937,0.0011410656713034986,0.0001851838686052384,10.100343206780396,0.003510119132622558,0.020360763173347562,0.18344826974397313,-0.03566883744810534,1,70.0
24,2023-12-07,2025-12-01,2025-12-02,2026-03-05,EQNR.OL,KEMIRA.HE,3.0,9.746318968393053,0.0016223294153405346,0.00027241226179600185,10.882370799908276,0.0018412636771600877,0.009194208393524805,0.15667740083324438,-0.01916638628990086,1,70.0
25,2024-03-08,2026-03-05,2026-03-06,2026-06-05,MAERSK-B.CO,FORTUM.HE,,,,,,,,,,0,0.0
25,2024-03-08,2026-03-05,2026-03-06,2026-06-05,SEB-A.ST,MAERSK-B.CO,,,,,,,,,,0,0.0
25,2024-03-08,2026-03-05,2026-03-06,2026-06-05,SAND.ST,OUT1V.HE,3.0,6.381117027652147,0.019689112427201002,0.004526465677271337,13.032853711111096,0.03089058570771619,0.13423153038017088,1.8217981790087536,-0.003112799348646611,1,70.0
